{
  "Bariwala": [30.2296, 74.4941],
  "Tanda Urmur": [31.5536, 75.9294],
  "Samana": [30.1867, 76.1479],
  "Tarantaran": [30.3889, 74.8886],
  "Rayya": [31.2333, 75.7667],
  "Mandi Gobindgarh": [30.682802, 76.294212],
  "Mandiani": [30.842512, 75.633904],
  "Patiala": [30.3381, 76.3869],
  "Mansa": [29.986894, 75.390143],

  "Barackpore": [22.7672, 88.3869],
  "Baranagar": [22.6333, 88.3667],
  "Barddhaman": [23.2323, 87.8589],
  "Beldanga": [23.9497, 88.2354],
  "Paschim Medinapur": [22.4256, 87.3213],
  "Patna": [25.5941, 85.1376],  
  "Kolkata": [22.5726, 88.3639],
  "Siliguri": [26.7271, 88.3954],
  "Malda": [25.0000, 88.1500]
}
